{"target_1": {"mse": 630.7757097870915, "r2": -1.243256580705371}, "target_2": {"mse": 4.570895821135562, "r2": -0.07550489909072056}, "target_3": {"mse": 82.11441002225591, "r2": -2.732473182829814}}